col_1,행정동,등록인구,여성비율,외국인비율,고령자비율,치안기관,유흥업소 수,초등학교 수,"중,고등학교 수",가로등 수,보안등 수,어린이용 CCTV 수,생활방범 CCTV 수,기타 CCTV 수,시설물 CCTV 수,쓰레기단속 CCTV 수,안전비상벨 수,요리 주점,입시·교과학원,범죄발생수(유동인구기준)
중구,동인동,1.198430248,5.271016361,0.868669424,6.515709663,1.919191919,0.351731602,2.575757576,2.575757576,9.091240996,2.428977272,0.597814884,1.592270006,0,0,3.128054741,0.732323232,1.323877068,0.119442601,5.143363546
중구,삼덕동,0.963963426,7.704240249,1.011971468,2.626286919,0,3.699776785,7.968750001,7.968750001,4.636158269,4.592285156,1.664540817,2.262350299,0,0,4.637096774,3.96484375,9.680851061,0.184762774,4.282091721
중구,성내1동,0.642841491,7.133490413,1.193587705,3.962361854,0,0.773809524,5.666666667,5.666666667,3.799196787,3.390625,0.789115646,1.946107785,0,0,3.010752688,1.208333333,5.494089833,0.700729927,3.102507878
중구,성내2동,0.618538218,4.605970921,1.704654459,6.28639133,10,2.19924812,3.355263159,3.355263159,6.30238658,3.663651316,0.700859291,2.381421368,0,1.358629131,4.244482173,0.953947368,3.52743561,0.207452939,3.013234164
중구,성내3동,0.642841491,5.054529161,0.519483653,4.180572509,2.405063291,0.176311031,3.227848102,3.227848102,8.888904294,2.349683544,1.123740636,2.172743122,0,0.43567854,2.449979583,0.917721519,0.075410719,0.249468724,3.102507878
중구,대신동,1.166357896,6.484978963,0.096664447,4.87952098,0,0.401785714,4.903846154,4.903846154,3.369281322,5.652043269,1.02433281,1.25748503,0,0,3.473945409,1.394230769,0.229132569,0.454800674,5.025551512
중구,남산1동,0.567541186,7.35022521,0.816842919,5.463914155,0,0.535714286,6.538461539,6.538461539,5.325638217,5.012019231,1.214024071,1.646706587,0,0,5.955334987,2.788461538,0.916530278,0.707467715,2.825905711
중구,남산2동,1.03926373,7.575084459,0.44776345,3.841129822,4.999999999,0.183270677,6.710526316,6.710526316,5.87479103,3.811677632,1.401718583,1.782225023,0,0,7.470288625,0,0.470324748,0.726085286,4.558693888
중구,남산3동,0.96436184,9.000574003,0.372158977,5.969092963,0,0,0,0,3.461664841,5.34375,2.515306123,2.422904192,0,0,10,0.90625,0.29787234,0.394160584,4.283555225
중구,남산4동,2.520568139,8.248033171,0.069283563,5.235378556,0,0,0,0,4.081781672,10,1.578231293,2.101796407,0,0,3.440860215,2.416666666,0.39716312,1.489051095,10
중구,대봉1동,1.226717664,8.477539551,1.051323224,5.028967497,0,0,0,0,8.19017209,0.667372881,0.200622622,1.266619304,0,0,3.717878622,0,3.635052289,0.334034393,5.247272298
중구,대봉2동,0.609175482,6.85152632,0.276480088,4.1736558,0,0.835714286,0,0,5.538663746,4.44375,0,2.288622755,0,0,6.193548387,0,1.191489361,0,2.97884183
동구,신암1동,1.448236021,4.994695576,0.272738103,7.670940303,3.166666667,0.696428571,4.250000001,4.250000001,2.449069003,4.96875,0,1.420658683,0,0,0.64516129,1.208333333,2.780141843,0.262773723,1.578486684
동구,신암2동,1.699237037,7.897379021,0.108402675,5.946231646,4.999999999,0.54981203,6.710526316,6.710526316,3.978497723,0.592105263,0,0.706744406,0,0,1.018675722,3.815789473,1.724524076,1.244717634,1.868025606
동구,신암3동,1.947249945,6.191883702,0.131276187,4.302839049,0,0.799180328,4.180327869,4.180327869,2.501571113,0.806864754,0,0.937960145,0,0,0.423056584,2.37704918,0.781304499,0.710781381,2.154117638
동구,신암4동,1.889878284,5.281674384,0.412260275,6.645853941,1.637931035,1.440886699,2.198275864,2.198275864,8.148676209,1.042564655,0,0.694559158,0,0,0.556173526,1.5625,0.821716801,0.067958721,2.087937314
동구,신암5동,0.902209207,8.032391679,0.270360918,8.546447226,0,0.409663866,10,10,2.770440049,2.233455882,0,0.847129271,0,0,0,2.132352941,0.700876095,0.541004723,0.948624628
동구,신천1·2동,2.16259288,8.064842042,0.05922051,7.460654927,0,0,0,0,0,0,0,0,0,0,0,0,0,0,2.402523651
동구,신천3동,2.582919978,5.69005506,0.247515329,3.616626711,2.714285715,0.596938775,3.642857144,3.642857144,1.332185886,0.401785714,0,0.450384944,0,0,1.290322581,2.589285714,0.765957447,1.069864442,2.887386453
동구,신천4동,1.34325385,5.877659744,0.670902339,5.538838377,0,8.125000002,3.269230769,3.269230769,6.122672508,1.676682692,0,0.748502994,0,0,0.992555831,1.858974359,4.353518821,0.202133633,1.45738588
동구,효목1동,2.312396661,5.69830834,0.279477316,8.385146863,0,0.355839416,1.861313868,1.861313868,2.640209145,3.43864051,0,0.622186284,0,0,0.28255239,0.79379562,1.478490449,0,2.575327835
동구,효목2동,2.221159784,7.568183155,0.165265139,6.895884839,0,0.677083333,3.541666667,3.541666667,7.790708288,3.02734375,0,1.119011976,0,0,1.612903226,1.510416667,1.654846335,0.437956204,2.470082734
동구,도평동,0.450208171,1.405347677,0.297677013,7.646451529,0,0,0,0,0.064750516,0.049520622,0,0.010702185,0,0.099619695,0.043570951,0.034973469,0.002873829,0.001901402,0.427224773
동구,불로·봉무동,3.88473874,6.038757801,0.511320183,3.815096907,0,0.017903048,0.327763495,0,0,0,0,0,,0,0,0,0,0,4.389082376
동구,지저동,2.490288651,5.283013761,0.37044474,7.124538602,0,0.096280448,0,0,3.092806921,1.328485023,0,0,0,0,0,0.334101382,0.247083047,0.054492247,2.780532801
동구,동촌동,2.733321381,5.02296159,0.428235661,6.620545625,0.498687665,0.07311586,0.66929134,0.66929134,0.793611094,0.616387795,0,0.199207883,0,0,0.135466938,0.190288714,0.32836321,0.010345422,3.060880012
동구,방촌동,3.364210442,6.997401823,0.198872809,6.951067674,0,0.165816327,6.071428572,6.071428572,3.308037344,4.229910714,0,0.741374394,0,0,1.02406554,1.438492063,0.756501182,0.375391032,3.788633801
동구,해안동,2.641486882,5.106142282,0.240223763,7.495927436,0,0.005236305,0.191729324,0.191729324,0.269836695,0.177631579,0,0.057944262,0,0.129393251,0.038806694,0.054511278,0.062709966,0.005927227,2.954945533
동구,안심1동,7.93820594,6.416002601,0.330991957,4.889904026,0,0.105519481,3.090909091,3.090909091,4.67549537,5.889204546,0,0.251224823,0,0,0.664711633,2.087121212,0.866537718,0.310550763,9.064906199
동구,안심2동,1.970557182,5.375945706,0.312032757,6.154390182,0.139296188,0,0,0,1.229575728,0.523735337,0,0.177204243,0,0,0.09459843,0.212609971,0.00436763,0,2.181003396
동구,안심3동,4.036136178,6.497001661,0.299702488,2.826353819,0,0.022833724,1.254098362,1.254098362,1.401343077,0.564805328,0,0.336899971,0,0,0.338445267,0.534836065,0.136728287,0.413545531,4.563724902
동구,안심4동,5.35608279,5.596430414,0.308858889,3.626031356,1.501976285,0.137634105,1.007905138,1.007905138,2.613630953,1.317317194,0,0.438451161,0,0,0.255004463,0.429841897,0.211924985,0.296009925,6.08633197
동구,혁신동,3.389111337,5.67605657,0.226125136,1.54728123,0.115712546,0,0.310596834,0.310596834,1.286432409,0.717684227,0,0.053334257,0,0,0.055007662,0.110383678,0.047166144,0.064813251,3.817357898
동구,공산동,3.956054901,6.192871344,0.180015028,6.604850726,0.045346061,0,0.091288784,0.091288784,0.268421919,0.023996868,0,0.020204222,0,0.006160848,0.009238586,0.012977327,0.006398213,0.003292511,4.471348197
서구,내당1동,1.689675093,5.666736299,0.171366505,5.454414188,4.04255319,2.667173252,5.425531914,5.425531914,2.224604414,1.825132978,2.77029961,1.763918971,0.146735143,2.56308758,6.588881263,0,2.535083748,0.251591862,2.419735703
서구,내당2·3동,1.526524433,6.954661328,0.39910187,8.402409122,0,0,0,0,0,0,0,1.724550898,0.212201592,0,0,0,0,0,2.186092277
서구,내당4동,2.867387797,7.262741096,0.268344699,6.401110576,2.533333333,0.835714286,3.4,3.4,3.240306681,4.875000001,2.604081633,0,0,0,0,1.933333333,2.700709219,0.630656934,4.106304612
서구,비산1동,1.545050698,4.384362225,0.677175481,7.470986785,0,0.108816964,7.968750001,7.968750001,0.618154436,2.944335938,4.99362245,2.335329341,3.663793103,2.688953488,0,2.265625,0.837765957,0.061587591,2.212623216
서구,비산2·3동,1.448036813,6.286147811,0.369411884,9.413390856,0,0,0,0,0,0,0,2.263839667,2.814919071,0,0,0,0,0,2.073692386
서구,비산4동,1.561983306,6.663003182,0.182938368,7.39768658,0,0.357142857,6.538461539,6.538461539,2.173729884,3.894230769,5.463108322,0,0,0,0,3.717948719,2.596835788,0.101066816,2.236871923
서구,비산5동,0.870136855,4.242989378,1.998449006,8.683762497,0,0.24872449,9.107142857,9.107142857,3.027695197,2.159598215,4.438775511,4.712360993,1.97044335,3.687707641,0,0,10,0.703858186,1.246098273
서구,비산6동,1.144046694,5.970912132,0.428434027,7.375712228,0,1.031746031,0,0,3.401484726,3.333333333,5.918367348,4.627411843,2.298850574,0,0,0,1.985815602,0,1.638356772
서구,비산7동,1.740472918,0.790947121,6.154236498,6.530426093,0.693430658,0.203336809,0.930656935,0.930656935,4.05313357,1.200958029,0.583196783,0.294046943,0.151019381,0,0,1.05839416,1.065382823,0,2.492481825
서구,평리1동,1.183688918,5.165902107,0.506872815,7.231499305,0,0.892857143,6.538461539,6.538461539,2.680933524,5.444711539,5.76661434,10,0.353669319,2.647584972,0,0,3.360611019,0.202133633,1.695127275
서구,평리2동,1.207792984,6.420982467,0.212636433,5.854046127,0,0.240147783,8.793103449,8.793103449,1.997582807,0.387931035,10,3.543258311,3.329369798,0,0,10,1.438004401,0.543669771,1.729646023
서구,평리3동,1.594055658,4.885922849,0.478217175,7.128220865,4.935064934,0.723562152,3.311688313,3.311688313,2.734100511,2.191558441,3.61250994,0.940197527,0.716524854,0,0,1.883116883,1.392649903,0.358327804,2.282801828
서구,평리4동,3.159226279,5.540962633,0.222227453,5.159991724,2.602739726,3.529843444,0,0,3.135530915,0.038527397,1.945764608,2.783200722,1.983939537,0,0,0,3.182745554,0.431956804,4.524238212
서구,평리5동,0,0.985037773,0.775250615,7.223114237,0,0.165816327,6.071428572,6.071428572,5.685338758,0.401785714,2.536443149,4.420444825,2.791461412,0,0,3.452380952,0.85106383,0.281543274,0
서구,평리6동,0.35299508,0.556394937,1.705843953,7.014412906,0,0,3.493150686,3.493150686,4.954913052,1.386986301,1.21610288,1.21565089,2.078412848,0,0,0,0.08160886,0.053994601,0.505514226
서구,상중이동,3.603856651,4.94425399,0.997381747,5.207992385,0.283159464,0.031136896,0.760059612,0.760059612,2.855328645,1.383196721,0.467471639,0.092229847,0.092502184,0,0,1.94485842,0.106541523,0.052868037,5.160980737
서구,원대동,1.142054623,4.501654319,0.57771382,7.974589874,3.166666667,1.973214285,4.250000001,4.250000001,2.920043812,2.7421875,5.622448981,7.823353294,10,0.573643411,0,7.249999999,1.290780142,0.262773723,1.635503983
남구,이천동,1.996454113,7.894857846,0.77720024,7.398298381,0,0,4.678899082,4.678899082,5.768361184,2.128727064,1.248829807,1.435477668,0.442897817,0,0,2.660550458,0.655865703,0.614745865,2.304943236
남구,봉덕1동,1.459590829,6.93409559,1.230290257,7.242543446,3.877551021,0.852769679,0,0,7.208798086,0.573979592,0.362349021,1.405963583,0,0,0.263331139,7.397959184,1.337386018,0,1.663950746
남구,봉덕2동,2.104424391,7.820171731,0.865640037,6.418769741,0,0,0,0,2.428752442,0.827205882,0.058023209,0.186978983,0,0,0,0.473856209,0.155750243,0.012881065,2.43385527
남구,봉덕3동,2.890097412,7.536452417,0.964184851,6.780619323,0.706319703,0.440122145,1.895910781,1.895910781,2.011710241,0.763243494,0.594036871,0.238741847,0,0,0,1.617100372,0.398639563,0.249097767,3.371916265
남구,대명1동,1.85939959,6.305564973,1.240171571,6.139496731,0,0.773809524,0,0,0,2.4375,2.367346939,1.401197605,0,0,0,6.444444444,1.191489361,0.350364964,2.141305821
남구,대명2동,2.082710811,7.790263676,0.732094751,5.258784078,0,0.083907057,3.072289157,3.072289157,0.646881062,1.321536145,1.426112614,0.337637977,0,0,0,3.493975903,0.789541143,0.427403043,2.407930156
남구,대명3동,1.785095321,5.836632408,0.96308501,7.446591166,2.021276595,0.444528875,0,0,4.088462165,3.111702127,0.818497612,0.807427698,0,0,0,6.170212767,1.71118153,0.167727908,2.052589607
남구,대명4동,1.786290564,6.830494548,0.372000064,7.308575582,2.676056337,0.980885312,3.591549296,3.591549296,2.82584885,0.752640845,1.417073872,1.67749009,0,0,0,9.190140845,0.755169314,0.11103115,2.054016678
남구,대명5동,0.948823682,7.577044199,5.507150795,5.41169669,2.065217392,0.68128882,2.771739131,2.771739131,2.073313014,3.332201086,0.771960958,0.812288467,0,0,0,1.576086956,1.295097132,0.085687083,1.054115961
남구,대명6동,1.919759358,7.356555934,0.307955375,5.195126461,1.266666667,0.046428571,1.700000001,1.700000001,0.065936473,0.571875,0.473469388,0.233532934,0,0,0,0.483333333,0.238297872,0.23649635,2.213372882
남구,대명9동,2.690292635,6.408876763,0.503319235,5.898590257,0.562130177,0.164835165,1.508875739,1.508875739,3.745503801,1.397928994,0.507788915,0.266006449,0,0,0,1.072485207,0.38776281,0.069969334,3.13335765
남구,대명10동,1.432299448,7.921296911,0.329488559,7.656724254,0,2.925,0,0,0.819496166,0.590625,0.710204082,2.195209581,0,0,0,2.9,2.144680851,0.078832117,1.63136597
남구,대명11동,1.326918863,7.790213283,0.405356423,8.200450575,0,0.240147783,2.931034482,2.931034482,0.77954451,0.921336207,1.088435375,0.389221557,0,0,0,1.666666666,0.547811201,0.090611629,1.505545923
북구,고성동,0.609175482,6.636183325,0.193355014,6.142278166,0,0.131401617,0,0,7.197916882,0.822523585,0.670003851,0.59484804,0,0,0,0,3.147330389,0.446219529,0.380993259
북구,칠성동,4.279168908,7.498252373,0.338454123,3.864085807,2.857142856,0.680719656,1.917293233,1.917293233,8.573157977,0.348919173,0.622986037,0.21948584,0,0.517573002,0.291050206,0,0.761478163,0.296361341,3.717892315
북구,침산1동,0.489252774,0.815403078,2.850304085,7.014617482,1.532258065,0,0,0,2.734692435,2.052671371,0.334101383,0.82866525,0,2.636909228,1.977107181,0,0,0,0.271954925
북구,침산2동,3.339707962,7.00189239,0.137162008,2.688245046,0,0,2.575757576,2.575757576,5.6516977,0.142045455,0.956503814,0.424605335,0,0.869156683,0.521342457,0,0.842467225,1.393497014,2.863698321
북구,침산3동,3.537321461,7.045272958,0.180449411,4.174007263,1.775700934,0.065086782,4.766355142,4.766355142,6.470401572,3.890186916,0.553118444,0.283731602,0,0.643338405,0.241181791,0,0.222708292,1.14196057,3.043376108
북구,노원동,1.952230124,2.133496153,2.355152634,6.38743918,0,0.428224688,0,0,3.758653325,0.960254854,0.134073047,0.109586652,0,3.508692706,0.208790062,0.234627832,0.347035736,0.012756006,1.602150152
북구,산격1동,1.433295484,5.550394865,0.506391605,9.671400559,2.087912088,0.076530612,2.802197803,2.802197803,3.307174753,4.821428572,0.585333034,0.949529512,0.227358848,1.702018911,0.708968451,0,0.392798691,0.04331435,1.130314835
북구,산격2동,1.782107213,6.263976507,0.461725362,5.160267232,0,0.395352464,1.113537119,1.113537119,4.393022667,4.00996179,0.361821585,0.336532176,0,1.127246877,0.225383857,0.316593886,0.208120412,0.103273515,1.447467864
북구,산격3동,1.779915935,3.124697928,8.909374828,3.823459649,0,0.174107143,3.1875,3.1875,2.031078861,7.9453125,0.887755102,0.510853293,0,0.860465116,0.64516129,0,3.723404254,0.443430657,1.445475469
북구,산격4동,1.333094285,2.774437473,1.173490542,6.923080194,0,0,0,0,3.417749623,2.052364864,1.11969112,0.694287101,0,10,1.918047079,0.489864865,0.241518114,0.213059775,1.039208054
북구,복현1동,1.247236001,0,4.35335974,2.719189124,4.871794871,10,6.538461539,6.538461539,4.492375094,2.884615384,1.821036107,1.497005988,0,2.647584972,0.992555831,0,4.735406436,0.303200449,0.961142403
북구,복현2동,5.940556585,5.61015093,0.981241174,2.919673707,0,0.037442396,2.741935484,2.741935484,1.769953715,1.255040323,0.859117841,0.251110682,0,2.868217055,0.485605272,0.194892473,0.256234271,0.445020014,5.228489837
북구,대현동,3.175760473,4.427704998,2.328352025,5.742139001,0,0.856264637,2.090163934,2.090163934,3.555473758,0.633965164,0.582134493,0.421124963,0,0.564239421,0.52882073,0,1.318451342,0.226157712,2.714630964
북구,검단동,0.950616546,4.72240928,1.962787153,7.337476275,0,0,0,0,0.563686385,0.557332677,0.077668863,0.134848413,0,0.090337545,0.169333672,0,0.062545373,0.020690844,0.691444596
북구,무태조야동,6.844757864,4.205679239,0.317353127,2.960982461,0.081720431,0.002995392,0.438709678,0.438709678,1.009405363,0.485685484,0.140004389,0.096426502,0,0.133233308,0.022199098,0.031182796,0.064058568,0.072898517,6.050624387
북구,관문동,6.842168171,5.48215418,0.193344425,2.733462828,0.12987013,0.019041109,0.871496925,0.871496925,1.339525754,0.620941559,0.109224825,0.099766291,0,0.117630228,0.02645911,0.049555707,0.052936985,0.078131626,6.048269738
북구,태전1동,4.10466344,5.087995207,0.867407768,4.018139359,0,0.025793651,1.88888889,1.88888889,2.982840452,2.729166667,0.526077098,0.350299401,0.051085568,0.446167097,0.191158901,0.268518519,0.728132387,0.02919708,3.559225237
북구,태전2동,4.4988944,6.330345437,0.644247936,3.859848743,1.111111112,0.244360902,2.98245614,2.98245614,3.478603409,2.327302631,1.107530732,0.320937073,0,0.503195974,0.679117148,0.423976608,0.870971755,0.253553592,3.917675178
북구,구암동,6.506105699,6.25800788,0.115167067,2.179188755,0.430839003,0.189504373,1.734693878,1.734693878,2.370893593,1.992984694,0.563654033,0.140331582,0,0.117070084,0.087777046,0.575396825,0.567375886,0.187695516,5.742708823
북구,관음동,2.865196518,4.689906899,0.29794762,4.886569407,0,0.069642857,1.700000001,1.700000001,1.445892661,1.8,0.434013606,0.249101796,0,1.434108527,0.086021505,0.604166667,0.456737589,0.065693431,2.432254281
북구,읍내동,4.897507918,5.69929395,0.143468565,3.779686282,0.332749563,0.024393295,1.339754817,1.339754817,1.130834435,1.305275832,0.53897566,0.110427132,0,0.964444263,0.06779278,0.063485114,0.198233782,0.062126887,4.280109906
북구,동천동,5.12081914,6.611589499,0.083847164,1.565717762,1.696428572,2.114158163,6.830357145,6.830357145,9.007393209,6.905691965,1.162536443,0.854897348,0,0.61461794,0.230414747,0.970982143,4.148936169,3.061783108,4.483153051
북구,국우동,5.753501066,5.714427503,0.165113913,1.484247936,0.110529378,0,0.593368236,0.593368236,1.223055,0.273232984,0.113616127,0.027170789,0,0.110123517,0.022518719,0,0.051984702,0.061910039,5.058411771
수성구,범어1동,2.913404649,7.659217945,0.156837181,3.086837594,3.518518519,0.386904762,2.361111112,2.361111112,4.33035171,0.403645833,0.986394558,0.518962076,0,2.708871662,0.477897252,0,1.765169424,1.569343066,2.080901045
수성구,범어2동,2.685113249,6.827235359,0.545842898,3.473903439,0,0.246523388,2.256637168,2.256637168,2.275683587,0.734236726,1.204623443,0.61999894,3.967043027,0.152294711,0,1.283185841,0.210883073,2.685873006,1.90113956
수성구,범어3동,3.075758481,7.147397566,0.26278345,1.545865951,0,1.681034482,8.793103449,8.793103449,4.945235487,0,0.918367347,1.469646913,1.42687277,0,0,0,3.903154805,2.650390133,2.208741893
수성구,범어4동,3.629952788,5.995309873,0.058955158,1.480781875,0,0,2.361111112,2.361111112,2.05397347,0.5078125,0.493197279,0.410844977,0.893997446,0,0,0,0.661938534,10,2.64512623
수성구,만촌1동,4.099284846,6.456324739,0.127907561,4.787988233,0.659722222,0.024181548,1.770833332,1.770833332,3.424379335,1.03515625,0.308248299,0.222991517,0.670498084,0,0,0.503472222,0.268912529,0.410583942,3.014688235
수성구,만촌2동,1.829319309,5.530788221,0.521293896,4.706934369,1.172839507,0.042989418,3.148148148,3.148148148,2.599083202,0.416666667,0.694129504,0.742404081,0.255427842,2.018374964,0,0,0.183871815,0.900243309,1.227269282
수성구,만촌3동,3.519392817,2.738537119,0.498415913,2.168051905,0,0,1.43258427,1.43258427,6.191466581,1.414150282,0.930979134,0.551032766,0.309957381,0.870133264,0.28996013,0,0.267750418,1.638645124,2.558068966
수성구,수성1가동,3.138707942,9.565956169,0.075643456,5.468610526,0,0.360221675,4.396551725,4.396551725,1.973222042,0.242456897,1.020408163,1.751497006,0.475624257,0.890136327,0.889877642,0,1.129860601,1.834885477,2.258309631
수성구,수성2·3가동,1.944461045,6.59355022,0.13845504,4.15386405,0,0.107142857,0,0,0,0,0,0.77245509,0.318302387,0.264758497,0,0,0,0,1.317934324
수성구,수성4가동,2.455228192,8.627324679,0.101825277,5.452777821,0,0.110544218,0,0,3.947217442,1.138392857,0.751538711,0,0,0,0,0,2.836879432,0.750782065,1.720123196
수성구,황금1동,4.260443435,7.33175891,0,2.781730225,0.706319703,0,0.947955391,0.947955391,1.355146846,1.191914498,0.220013656,0.138904347,0.051275478,0,0,0,0.044293285,0.527501153,3.141587923
수성구,황금2동,2.090878304,6.891023577,0.374323755,4.495921058,0,3.121921182,2.198275864,2.198275864,1.912320127,0.594019397,0.56122449,0.281850093,0.118906064,0,0,0,1.951577402,0.47571105,1.433226376
수성구,중동,2.188489811,5.58382586,0.367477318,4.363655788,0,0.918367347,2.802197803,2.802197803,3.772974013,1.251717033,0.715407042,1.32164243,1.364153088,0,1.843317973,0,0.916530278,0.519772199,1.510087744
수성구,상동,2.835913066,6.523794696,0.514014096,6.0490063,0,0,1.917293233,1.917293233,4.005056452,3.066259399,1.067976063,0.605780919,2.177858439,0,0,0,0.85106383,0.711267219,2.019882531
수성구,파동,2.083109225,7.337037071,0.05873177,6.89284575,0.326460481,0,0.43814433,0.43814433,0.674902045,0.778028351,0.111859177,0.172541515,0,0.266123232,0.133022946,0,0.092125466,0.081270223,1.427108839
수성구,두산동,2.622562202,6.473488541,0.618198517,3.129057119,0.964467005,1.131254532,1.294416243,1.294416243,2.452894179,1.577569797,0.78110432,0.42083346,0.315070891,0,0,1.104060913,3.447456528,0.200081515,1.851885542
수성구,지산1동,3.901073727,7.450757255,0.261485242,6.121521122,0,0.184659091,2.897727272,2.897727272,4.731156028,0.900213068,0.874304267,0.33614589,0.65308255,3.976391826,0.684261975,0.823863636,0.970341715,0.388188454,2.8586126
수성구,지산2동,3.256240164,8.070595482,0.03430113,5.630991594,0.964467005,0,1.294416243,1.294416243,1.441613246,1.94876269,0.600849477,0.515669169,0.245055137,1.310352969,0.130997216,1.472081218,0.544335241,0.360146726,2.350856992
수성구,범물1동,1.862387697,10,0.084098632,10,0,0,0.937500001,0.937500001,0.480498196,0.126665901,0.271983794,0.122347217,0.02535497,0.347982216,0,0.399816176,0.087609512,0.057964792,1.253308031
수성구,범물2동,2.997071655,6.907255109,0.01834206,4.239340703,0,0,1.0944206,1.0944206,1.455372798,0.362124464,0.660418674,0.105240163,0.147994672,1.772631998,0,1.244635193,0.20454753,0.338335265,2.146782219
수성구,고산1동,5.929799398,6.703755897,0.054684508,2.711287753,0,0.023768893,0.870307167,0.870307167,0.694406543,0,0.269322746,0.047822444,0,0.195782734,0,0.164960182,0.121995498,0.484292868,4.456074174
수성구,고산2동,5.264845913,5.74582205,0.086912632,3.477916663,0.077646097,0,0.312627708,0.312627708,1.593654031,0.44595423,0.074977273,0.037697388,0.059185773,0.10549225,0,0.207396812,0.043822657,0.04349136,3.932475713
수성구,고산3동,6.125420825,7.052860664,0.051735362,3.301787452,0.379241516,0,1.526946107,1.526946107,1.226790668,0.479977545,0.378019471,0.307648177,0.812168766,2.267093719,0,0.144710579,0.297277785,0.314699069,4.61011063
달서구,성당동,4.208051953,6.539418869,0.386988636,5.593132595,0.95477387,0.55994257,1.281407036,1.281407036,2.35724075,3.003297739,0.50558917,0.42247164,0.103968116,2.075493748,0,0.364321608,1.047792152,0.297105968,3.72415943
달서구,"두류1,2동",2.566186577,6.343297866,0.638007346,6.184574334,0,0,0,0,0,0,0,0.913061096,0.155561317,0,0,0,0,0,2.20565398
달서구,두류3동,1.253212215,6.689367673,0.380596113,6.824759977,1.696428572,0.124362245,2.276785715,2.276785715,2.081540448,6.54157366,0.422740525,0.781918306,0.431034483,0,0,0,2.553191489,0.175964546,0.991328644
달서구,본리동,3.685730791,5.806308408,1.270217739,2.748785348,0,0.958387942,4.678899082,4.678899082,2.929549725,0.580561927,0.86875117,0.707026314,0.316355584,0,0,0.665137614,1.147764981,0.433938257,3.241082352
달서구,감삼동,5.327795374,6.43595336,0.24474243,2.887244277,1.610169491,1.062348668,4.322033898,4.322033898,3.903503072,2.085540254,0.952957455,0.692682432,0.64289889,0,0,0,1.767039307,0.567858468,4.759772041
달서구,죽전동,2.283910038,5.871411213,0.738043792,4.435143294,0,0.847007722,3.445945945,3.445945945,1.298362985,2.679476351,0.159955874,1.972406538,0.37278658,0,0,0,0.966072455,0.266324719,1.944586009
달서구,장기동,3.072172752,5.329569801,1.750926931,3.382099827,0,0.089572807,1.639871384,1.639871384,3.348312866,0.619473473,0.114180721,0.345418488,0.243929482,0,0,0.116559485,0.53636177,0.367545239,2.673623386
달서구,용산1동,5.678200761,5.116027544,0.33514056,2.609378978,1.472868216,0,7.906976746,7.906976746,10,1.962209302,1.055212783,0.96852806,0.641539695,0,0,0.562015504,1.200725713,0.580546596,5.083850067
달서구,용산2동,5.230980697,4.985639564,0.487128776,2.586786496,1.43939394,0,5.795454547,5.795454547,5.384098377,1.640625,0.941558442,0.84921067,0.835945663,0,0,0.549242424,0.722114764,0.119442601,4.67023144
달서구,이곡1동,4.212434511,4.729320236,1.6934336,2.478629951,2.087912088,0,4.203296703,4.203296703,2.82584885,2.696600275,0.585333034,0.320786997,0.56839712,0,0,0.597527472,0.556464812,0.909601348,3.728212708
달서구,이곡2동,2.928345186,4.085871761,2.217160136,3.547426005,0,1.80934874,1.249999999,1.249999999,3.809355067,2.805606617,0.145058023,0.377773864,0.642325896,0,0,1.243872549,0.93450146,0.038643195,2.540602162
달서구,신당동,6.740572521,3.833509504,10,2.6154596,0.203208557,0.484148205,1.090909092,1.090909092,2.981497209,1.870989304,0.234202772,0.038714016,0.118015858,0,0,0.387700535,0.414154056,0.037940591,6.06640158
달서구,월성1동,7.707324847,6.173463224,0.06992698,0.841199536,0,0,4.678899082,4.678899082,2.657334928,0.722477064,0.678711852,0.824864033,0.759253401,0,0,0.665137614,0.46457154,2.368579656,6.960517929
달서구,월성2동,2.87834419,5.341145566,4.201267831,8.373554663,0.603174602,0,1.214285714,1.214285714,3.617535075,0.908482143,0.12212504,0.087111491,0.065681445,0,0,0.805555555,0.01891253,0.006256517,2.494357941
달서구,진천동,10,6.303316591,0.319130191,3.537469827,0.37181996,0.190802348,2.495107632,2.495107632,2.391740953,0.723764677,0.532768881,0.107397729,0.283419934,0,0,0.283757339,0.384727485,0.30082706,9.08093521
달서구,유천동,6.375625012,5.899047518,0.017275005,0,0,0,8.160000001,8.160000001,5.289989047,2.88,0.852244898,1.522634731,1.103448276,0,0.103225806,1.45,0.190638298,2.806423358,5.728874039
달서구,상인1동,6.635391143,6.295811485,0.05692286,3.635449348,1.366906474,0.150308325,5.503597122,5.503597122,4.238773275,1.375899281,0.766407283,0.201611166,0.694616721,0,0,2.086330935,0.642889943,2.013338235,5.969122901
달서구,상인2동,3.472579135,5.676404444,0.378699746,4.096041921,2.111111111,0,2.833333333,2.833333333,3.3596203,1.6875,1.052154195,0.505988024,0.766283525,0,0,0.402777778,4.898345152,0.832116788,3.043945634
달서구,상인3동,1.830116138,7.553796252,0.354738942,9.601080275,0.516304347,0.32171972,1.385869566,1.385869566,1.124964284,0.836871603,0.22515528,0.307781177,0.149925037,0,0,0.886548913,0.356151711,0,1.524887463
달서구,도원동,6.521643857,6.952405325,0.048500157,4.48398111,0.356807511,0.058853119,0.957746478,0.957746478,0.658038042,0.475352113,0.111143049,0.088808299,0.08418326,0,0,0.136150235,0.083907701,0.055515575,5.863921902
달서구,송현1동,3.466802128,5.306893449,1.597387078,5.868249689,0,0.169860627,1.036585366,1.036585366,1.246360163,0.525914634,0.6255185,0.289542866,0.644799551,0,0,0.147357724,0.339041688,0.112159516,3.038602676
달서구,송현2동,3.254248093,6.937481676,2.331354665,6.961796885,1.958762886,0.861561119,5.257731959,5.257731959,3.350233173,3.087951031,1.037239639,1.757515896,0.710984714,0,0,0,2.395262118,0.284445782,2.842018676
달서구,본동,2.10801012,5.484075312,2.196882726,5.819197631,0,0.633116883,2.318181818,0,3.776361645,1.598011363,0.699443414,0.796135003,0.438871473,0,0,0.988636363,1.029013539,0.107498341,1.781902156
